"Year","League","Tm","Name","Rank","Vote Pts","1st Place","Share","W-L%","Primary Position","WAR","AB","OBP","SLG","COVID"
2004,"AL","ANA","Vladimir Guerrero",1,354,21,"90%",0.568,"OF",5.6,612,0.391,0.598,FALSE
2004,"AL","ANA","Chone Figgins",24,2,0,"1%",0.568,"CIF",2.7,577,0.35,0.419,FALSE
2004,"AL","BAL","Miguel Tejada",5,123,0,"31%",0.481,"MIF",7.4,653,0.36,0.534,FALSE
2004,"AL","BAL","Melvin Mora",18,5,0,"1%",0.481,"CIF",5.6,550,0.419,0.562,FALSE
2004,"AL","BOS","David Ortiz",4,174,1,"44%",0.605,"DH",4.3,582,0.38,0.603,FALSE
2004,"AL","BOS","Manny Ramirez",3,238,1,"61%",0.605,"OF",4.1,568,0.397,0.613,FALSE
2004,"AL","BOS","Jason Varitek",30,1,0,"0%",0.605,"C",4,463,0.39,0.482,FALSE
2004,"AL","BOS","Johnny Damon",16,7,0,"2%",0.605,"OF",4.3,621,0.38,0.477,FALSE
2004,"AL","CHW","Paul Konerko",16,7,0,"2%",0.512,"CIF",2.3,563,0.359,0.535,FALSE
2004,"AL","CLE","Victor Martinez",21,4,0,"1%",0.494,"DH",3.7,520,0.359,0.492,FALSE
2004,"AL","CLE","Travis Hafner",24,2,0,"1%",0.494,"DH",5,482,0.41,0.583,FALSE
2004,"AL","DET","Ivan Rodriguez",10,34,0,"9%",0.444,"C",4.5,527,0.383,0.51,FALSE
2004,"AL","DET","Carlos Guillen",24,2,0,"1%",0.444,"MIF",4.6,522,0.379,0.542,FALSE
2004,"AL","MIN","Torii Hunter",21,4,0,"1%",0.568,"OF",4.2,520,0.33,0.475,FALSE
2004,"AL","MIN","Lew Ford",24,2,0,"1%",0.568,"OF",4.5,569,0.381,0.446,FALSE
2004,"AL","NYY","Hideki Matsui",24,2,0,"1%",0.623,"DH",5,584,0.39,0.522,FALSE
2004,"AL","NYY","Gary Sheffield",2,254,5,"65%",0.623,"OF",4.2,573,0.393,0.534,FALSE
2004,"AL","NYY","Alex Rodriguez",14,8,0,"2%",0.623,"MIF",7.6,601,0.375,0.512,FALSE
2004,"AL","NYY","Derek Jeter",13,11,0,"3%",0.623,"MIF",4.2,643,0.352,0.471,FALSE
2004,"AL","OAK","Eric Chavez",30,1,0,"0%",0.562,"CIF",5.5,475,0.397,0.501,FALSE
2004,"AL","OAK","Erubiel Durazo",23,3,0,"1%",0.562,"DH",3.4,511,0.396,0.523,FALSE
2004,"AL","OAK","Mark Kotsay",14,8,0,"2%",0.562,"OF",4.6,606,0.37,0.459,FALSE
2004,"AL","SEA","Ichiro Suzuki",7,98,0,"25%",0.389,"OF",9.2,704,0.414,0.455,FALSE
2004,"AL","TEX","Mark Teixeira",18,5,0,"1%",0.549,"CIF",4.6,545,0.37,0.56,FALSE
2004,"AL","TEX","Michael Young",8,92,0,"23%",0.549,"MIF",1.9,690,0.353,0.483,FALSE
2004,"AL","TEX","Hank Blalock",18,5,0,"1%",0.549,"CIF",4.6,624,0.355,0.5,FALSE
2005,"AL","BAL","Miguel Tejada",15,7,0,"2%",0.457,"MIF",5.9,654,0.349,0.515,FALSE
2005,"AL","BAL","Brian Roberts",18,5,0,"1%",0.457,"MIF",7.3,561,0.387,0.515,FALSE
2005,"AL","BOS","David Ortiz",2,307,11,"78%",0.586,"DH",5.2,601,0.397,0.604,FALSE
2005,"AL","BOS","Manny Ramirez",4,156,0,"40%",0.586,"OF",4.4,554,0.388,0.594,FALSE
2005,"AL","BOS","Jason Varitek",21,4,0,"1%",0.586,"C",3.9,470,0.366,0.489,FALSE
2005,"AL","BOS","Johnny Damon",13,12,0,"3%",0.586,"OF",4,624,0.366,0.439,FALSE
2005,"AL","CHW","Scott Podsednik",12,15,0,"4%",0.611,"OF",1.7,507,0.351,0.349,FALSE
2005,"AL","CHW","Paul Konerko",6,128,0,"33%",0.611,"CIF",4,575,0.375,0.534,FALSE
2005,"AL","CLE","Grady Sizemore",23,3,0,"1%",0.574,"OF",6.6,640,0.348,0.484,FALSE
2005,"AL","CLE","Victor Martinez",18,5,0,"1%",0.574,"DH",5.2,547,0.378,0.475,FALSE
2005,"AL","CLE","Travis Hafner",5,151,0,"39%",0.574,"DH",5.4,486,0.408,0.595,FALSE
2005,"AL","LAA","Vladimir Guerrero",3,196,1,"50%",0.586,"OF",5.7,520,0.394,0.565,FALSE
2005,"AL","LAA","Chone Figgins",17,6,0,"2%",0.586,"CIF",3.9,642,0.352,0.397,FALSE
2005,"AL","NYY","Gary Sheffield",8,84,0,"21%",0.586,"OF",4.1,584,0.379,0.512,FALSE
2005,"AL","NYY","Hideki Matsui",14,8,0,"2%",0.586,"DH",4.5,629,0.367,0.496,FALSE
2005,"AL","NYY","Jason Giambi",18,5,0,"1%",0.586,"DH",4.6,417,0.44,0.535,FALSE
2005,"AL","NYY","Derek Jeter",10,23,0,"6%",0.586,"MIF",3.8,654,0.389,0.45,FALSE
2005,"AL","NYY","Alex Rodriguez",1,331,16,"84%",0.586,"MIF",9.4,605,0.421,0.61,FALSE
2005,"AL","OAK","Eric Chavez",21,4,0,"1%",0.543,"CIF",4.8,625,0.329,0.466,FALSE
2005,"AL","SEA","Richie Sexson",15,7,0,"2%",0.426,"CIF",3.9,558,0.369,0.541,FALSE
2005,"AL","TBD","Jorge Cantu",27,1,0,"0%",0.414,"CIF",1.2,598,0.311,0.497,FALSE
2005,"AL","TEX","Michael Young",11,20,0,"5%",0.488,"MIF",3.2,668,0.385,0.513,FALSE
2005,"AL","TEX","Mark Teixeira",7,106,0,"27%",0.488,"CIF",7.2,644,0.379,0.575,FALSE
2006,"AL","BAL","Miguel Tejada",20,5,0,"1%",0.432,"MIF",4.5,648,0.379,0.498,FALSE
2006,"AL","BOS","David Ortiz",3,193,0,"49%",0.531,"DH",5.8,558,0.413,0.636,FALSE
2006,"AL","BOS","Manny Ramirez",18,6,0,"2%",0.531,"OF",4.5,449,0.439,0.619,FALSE
2006,"AL","CHW","Jermaine Dye",5,156,0,"40%",0.556,"OF",4.6,539,0.385,0.622,FALSE
2006,"AL","CHW","Jim Thome",12,17,0,"4%",0.556,"DH",4.9,490,0.416,0.598,FALSE
2006,"AL","CHW","Paul Konerko",22,3,0,"1%",0.556,"CIF",3,566,0.381,0.551,FALSE
2006,"AL","CHW","A.J. Pierzynski",30,1,0,"0%",0.556,"C",2.1,509,0.333,0.436,FALSE
2006,"AL","CLE","Travis Hafner",8,64,0,"16%",0.481,"DH",5.9,454,0.439,0.659,FALSE
2006,"AL","CLE","Grady Sizemore",11,24,0,"6%",0.481,"OF",6.7,655,0.375,0.533,FALSE
2006,"AL","DET","Magglio Ordonez",22,3,0,"1%",0.586,"OF",1.9,593,0.35,0.477,FALSE
2006,"AL","DET","Carlos Guillen",10,34,0,"9%",0.586,"MIF",6,543,0.4,0.519,FALSE
2006,"AL","LAA","Vladimir Guerrero",9,46,0,"12%",0.549,"OF",3.8,607,0.382,0.552,FALSE
2006,"AL","MIN","Joe Mauer",6,116,0,"30%",0.593,"C",5.8,521,0.429,0.507,FALSE
2006,"AL","MIN","Justin Morneau",1,320,15,"82%",0.593,"CIF",4.3,592,0.375,0.559,FALSE
2006,"AL","NYY","Derek Jeter",2,306,12,"78%",0.599,"MIF",5.6,623,0.417,0.483,FALSE
2006,"AL","NYY","Johnny Damon",15,7,0,"2%",0.599,"OF",3.4,593,0.359,0.482,FALSE
2006,"AL","NYY","Alex Rodriguez",13,13,0,"3%",0.599,"MIF",4.5,572,0.392,0.523,FALSE
2006,"AL","NYY","Robinson Canó",22,3,0,"1%",0.599,"MIF",3.2,482,0.365,0.525,FALSE
2006,"AL","NYY","Jason Giambi",14,9,0,"2%",0.599,"DH",2.9,446,0.413,0.558,FALSE
2006,"AL","OAK","Frank Thomas",4,174,0,"44%",0.574,"DH",3.2,466,0.381,0.545,FALSE
2006,"AL","SEA","Raul Ibanez",21,4,0,"1%",0.481,"OF",4.5,626,0.353,0.516,FALSE
2006,"AL","SEA","Ichiro Suzuki",15,7,0,"2%",0.481,"OF",5.3,695,0.37,0.416,FALSE
2006,"AL","TBD","Carl Crawford",26,2,0,"1%",0.377,"OF",4.5,600,0.348,0.482,FALSE
2006,"AL","TEX","Gary Matthews",30,1,0,"0%",0.494,"OF",5.2,620,0.371,0.495,FALSE
2006,"AL","TEX","Michael Young",30,1,0,"0%",0.494,"MIF",3.8,691,0.356,0.459,FALSE
2006,"AL","TOR","Troy Glaus",30,1,0,"0%",0.537,"CIF",4.3,540,0.355,0.513,FALSE
2006,"AL","TOR","Vernon Wells",22,3,0,"1%",0.537,"OF",6.2,611,0.357,0.542,FALSE
2007,"AL","BOS","David Ortiz",4,177,0,"45%",0.593,"DH",6.4,549,0.445,0.621,FALSE
2007,"AL","BOS","Mike Lowell",5,126,0,"32%",0.593,"CIF",5,589,0.378,0.501,FALSE
2007,"AL","CLE","Grady Sizemore",12,15,0,"4%",0.593,"OF",5.5,628,0.39,0.462,FALSE
2007,"AL","CLE","Victor Martinez",7,103,0,"26%",0.593,"DH",4.3,562,0.374,0.505,FALSE
2007,"AL","DET","Magglio Ordonez",2,258,2,"66%",0.543,"OF",7.3,595,0.434,0.595,FALSE
2007,"AL","DET","Placido Polanco",17,4,0,"1%",0.543,"MIF",6.1,587,0.388,0.458,FALSE
2007,"AL","DET","Curtis Granderson",10,51,0,"13%",0.543,"OF",7.6,612,0.361,0.552,FALSE
2007,"AL","LAA","Vladimir Guerrero",3,203,0,"52%",0.58,"OF",4.6,574,0.403,0.547,FALSE
2007,"AL","LAA","Chone Figgins",20,3,0,"1%",0.58,"CIF",3.4,442,0.393,0.432,FALSE
2007,"AL","LAA","Orlando Cabrera",15,5,0,"1%",0.58,"MIF",4.2,638,0.345,0.397,FALSE
2007,"AL","MIN","Justin Morneau",20,3,0,"1%",0.488,"CIF",2.9,590,0.343,0.492,FALSE
2007,"AL","MIN","Torii Hunter",15,5,0,"1%",0.488,"OF",3.9,600,0.334,0.505,FALSE
2007,"AL","NYY","Jorge Posada",6,112,0,"29%",0.58,"C",5.4,506,0.426,0.543,FALSE
2007,"AL","NYY","Alex Rodriguez",1,382,26,"97%",0.58,"MIF",9.4,583,0.422,0.645,FALSE
2007,"AL","NYY","Derek Jeter",11,17,0,"4%",0.58,"MIF",3.9,639,0.388,0.452,FALSE
2007,"AL","NYY","Bobby Abreu",17,4,0,"1%",0.58,"OF",2.4,605,0.369,0.445,FALSE
2007,"AL","SEA","Ichiro Suzuki",8,89,0,"23%",0.543,"OF",5.8,678,0.396,0.431,FALSE
2007,"AL","TBD","Carlos Pena",9,64,0,"16%",0.407,"CIF",7.2,490,0.411,0.627,FALSE
2007,"AL","TOR","Frank Thomas",23,1,0,"0%",0.512,"DH",2.2,531,0.377,0.48,FALSE
2008,"AL","BAL","Aubrey Huff",16,12,0,"3%",0.422,"CIF",4.1,598,0.36,0.552,FALSE
2008,"AL","BOS","Kevin Youkilis",3,201,2,"51%",0.586,"CIF",6.3,538,0.39,0.569,FALSE
2008,"AL","BOS","Dustin Pedroia",1,317,16,"81%",0.586,"MIF",7,653,0.376,0.493,FALSE
2008,"AL","CHW","Jermaine Dye",15,14,0,"4%",0.546,"OF",2.8,590,0.344,0.541,FALSE
2008,"AL","CHW","Carlos Quentin",5,160,0,"41%",0.546,"OF",5.3,480,0.394,0.571,FALSE
2008,"AL","CLE","Grady Sizemore",10,42,0,"11%",0.5,"OF",5.9,634,0.374,0.502,FALSE
2008,"AL","DET","Miguel Cabrera",13,17,0,"4%",0.457,"CIF",2.7,616,0.349,0.537,FALSE
2008,"AL","LAA","Mark Teixeira",20,1,0,"0%",0.617,"CIF",3.7,193,0.449,0.632,FALSE
2008,"AL","LAA","Vladimir Guerrero",14,16,0,"4%",0.617,"OF",2.4,541,0.365,0.521,FALSE
2008,"AL","MIN","Joe Mauer",4,188,2,"48%",0.54,"C",5.6,536,0.413,0.451,FALSE
2008,"AL","MIN","Justin Morneau",2,257,7,"66%",0.54,"CIF",4.2,623,0.374,0.499,FALSE
2008,"AL","NYY","Alex Rodriguez",8,45,0,"11%",0.549,"MIF",6.8,510,0.392,0.573,FALSE
2008,"AL","SEA","Ichiro Suzuki",20,1,0,"0%",0.377,"OF",5.4,686,0.361,0.386,FALSE
2008,"AL","SEA","Raul Ibanez",20,1,0,"0%",0.377,"OF",2.7,635,0.358,0.479,FALSE
2008,"AL","TBR","Carlos Pena",9,44,0,"11%",0.599,"CIF",5.1,490,0.377,0.494,FALSE
2008,"AL","TBR","Evan Longoria",11,38,0,"10%",0.599,"CIF",4.8,448,0.343,0.531,FALSE
2008,"AL","TBR","Jason Bartlett",18,6,0,"2%",0.599,"MIF",1.7,454,0.329,0.361,FALSE
2008,"AL","TEX","Ian Kinsler",20,1,0,"0%",0.488,"MIF",4.7,518,0.375,0.517,FALSE
2008,"AL","TEX","Milton Bradley",17,9,0,"2%",0.488,"OF",5.2,414,0.436,0.563,FALSE
2008,"AL","TEX","Josh Hamilton",7,112,0,"29%",0.488,"OF",5.5,624,0.371,0.53,FALSE
2009,"AL","BOS","Kevin Youkilis",6,150,0,"38%",0.586,"CIF",6.6,491,0.413,0.548,FALSE
2009,"AL","BOS","Jason Bay",7,78,0,"20%",0.586,"OF",5.2,531,0.384,0.537,FALSE
2009,"AL","DET","Miguel Cabrera",4,171,1,"44%",0.528,"CIF",5.1,611,0.396,0.547,FALSE
2009,"AL","DET","Placido Polanco",25,2,0,"1%",0.528,"MIF",2.5,618,0.331,0.396,FALSE
2009,"AL","LAA","Kendrys Morales",5,170,0,"43%",0.599,"DH",4.3,566,0.355,0.569,FALSE
2009,"AL","LAA","Chone Figgins",10,31,0,"8%",0.599,"CIF",7.7,615,0.395,0.393,FALSE
2009,"AL","LAA","Bobby Abreu",12,23,0,"6%",0.599,"OF",3.2,563,0.39,0.435,FALSE
2009,"AL","MIN","Joe Mauer",1,387,27,"99%",0.534,"C",7.8,523,0.444,0.587,FALSE
2009,"AL","MIN","Jason Kubel",24,3,0,"1%",0.534,"DH",3.5,514,0.369,0.539,FALSE
2009,"AL","MIN","Michael Cuddyer",21,4,0,"1%",0.534,"OF",2.8,588,0.342,0.52,FALSE
2009,"AL","NYY","Mark Teixeira",2,225,0,"57%",0.636,"CIF",5.3,609,0.383,0.565,FALSE
2009,"AL","NYY","Derek Jeter",3,193,0,"49%",0.636,"MIF",6.6,634,0.406,0.465,FALSE
2009,"AL","NYY","Robinson Canó",17,12,0,"3%",0.636,"MIF",4.5,637,0.352,0.52,FALSE
2009,"AL","NYY","Alex Rodriguez",10,31,0,"8%",0.636,"MIF",4.2,444,0.402,0.532,FALSE
2009,"AL","SEA","Ichiro Suzuki",9,33,0,"8%",0.525,"OF",4.7,639,0.386,0.465,FALSE
2009,"AL","TBR","Ben Zobrist",8,34,0,"9%",0.519,"MIF",8.6,501,0.405,0.543,FALSE
2009,"AL","TBR","Evan Longoria",19,9,0,"2%",0.519,"CIF",7,584,0.364,0.526,FALSE
2009,"AL","TEX","Michael Young",16,13,0,"3%",0.537,"MIF",2.8,541,0.374,0.518,FALSE
2009,"AL","TEX","Ian Kinsler",26,1,0,"0%",0.537,"MIF",6,566,0.327,0.488,FALSE
2009,"AL","TOR","Aaron Hill",12,23,0,"6%",0.463,"MIF",5.8,682,0.33,0.499,FALSE
2009,"AL","TOR","Adam Lind",15,14,0,"4%",0.463,"DH",3.9,587,0.37,0.562,FALSE
2009,"AL","CLE/BOS","Victor Martinez",21,4,0,"1%",0.4935,"DH",3.6,588,0.381,0.48,FALSE
2010,"AL","BOS","Adrian Beltre",9,83,0,"21%",0.549,"CIF",7.8,589,0.365,0.553,FALSE
2010,"AL","CHW","Paul Konerko",5,130,0,"33%",0.543,"CIF",4.7,548,0.393,0.584,FALSE
2010,"AL","CLE","Shin-Soo Choo",14,9,0,"2%",0.426,"OF",5.9,550,0.401,0.484,FALSE
2010,"AL","DET","Miguel Cabrera",2,262,5,"67%",0.5,"CIF",6.5,548,0.42,0.622,FALSE
2010,"AL","MIN","Delmon Young",10,44,0,"11%",0.58,"OF",1.9,570,0.333,0.493,FALSE
2010,"AL","MIN","Joe Mauer",8,97,0,"25%",0.58,"C",5.9,510,0.402,0.469,FALSE
2010,"AL","MIN","Jim Thome",18,2,0,"1%",0.58,"DH",3.6,276,0.412,0.627,FALSE
2010,"AL","NYY","Alex Rodriguez",15,8,0,"2%",0.586,"MIF",4.2,522,0.341,0.506,FALSE
2010,"AL","NYY","Robinson Canó",3,229,0,"58%",0.586,"MIF",8.1,626,0.381,0.534,FALSE
2010,"AL","NYY","Mark Teixeira",19,1,0,"0%",0.586,"CIF",4.1,601,0.365,0.481,FALSE
2010,"AL","SEA","Ichiro Suzuki",17,3,0,"1%",0.377,"OF",3.7,680,0.359,0.394,FALSE
2010,"AL","TBR","Evan Longoria",6,100,0,"26%",0.593,"CIF",8.2,574,0.372,0.507,FALSE
2010,"AL","TBR","Carl Crawford",7,98,0,"25%",0.593,"OF",7,600,0.356,0.495,FALSE
2010,"AL","TEX","Josh Hamilton",1,358,22,"91%",0.556,"OF",8.7,518,0.411,0.633,FALSE
2010,"AL","TEX","Vladimir Guerrero",11,22,0,"6%",0.556,"OF",1.8,593,0.345,0.496,FALSE
2010,"AL","TOR","Jose Bautista",4,165,1,"42%",0.525,"OF",7,569,0.378,0.617,FALSE
2011,"AL","BOS","Adrian Gonzalez",7,105,0,"27%",0.556,"CIF",6.9,630,0.41,0.548,FALSE
2011,"AL","BOS","Dustin Pedroia",9,48,0,"12%",0.556,"MIF",8,635,0.387,0.474,FALSE
2011,"AL","BOS","Jacoby Ellsbury",2,242,4,"62%",0.556,"OF",8.3,660,0.376,0.552,FALSE
2011,"AL","CHW","Paul Konerko",13,11,0,"3%",0.488,"CIF",2.9,543,0.388,0.517,FALSE
2011,"AL","CLE","Asdrubal Cabrera",20,4,0,"1%",0.494,"MIF",4.7,604,0.332,0.46,FALSE
2011,"AL","DET","Victor Martinez",16,7,0,"2%",0.586,"DH",3.2,540,0.38,0.47,FALSE
2011,"AL","DET","Miguel Cabrera",5,193,2,"49%",0.586,"CIF",7.6,572,0.448,0.586,FALSE
2011,"AL","DET","Alex Avila",12,13,0,"3%",0.586,"C",5.1,464,0.389,0.506,FALSE
2011,"AL","KCR","Alex Gordon",21,3,0,"1%",0.438,"OF",7.3,611,0.376,0.502,FALSE
2011,"AL","NYY","Robinson Canó",6,112,0,"29%",0.599,"MIF",5.8,623,0.349,0.533,FALSE
2011,"AL","NYY","Mark Teixeira",19,5,0,"1%",0.599,"CIF",3.4,589,0.341,0.494,FALSE
2011,"AL","NYY","Curtis Granderson",4,215,3,"55%",0.599,"OF",6.1,583,0.364,0.552,FALSE
2011,"AL","TBR","Ben Zobrist",16,7,0,"2%",0.562,"MIF",7.6,588,0.353,0.469,FALSE
2011,"AL","TBR","Evan Longoria",10,27,0,"7%",0.562,"CIF",7.2,483,0.355,0.495,FALSE
2011,"AL","TEX","Michael Young",8,96,1,"24%",0.593,"MIF",2.7,631,0.38,0.474,FALSE
2011,"AL","TEX","Josh Hamilton",22,1,0,"0%",0.593,"OF",3.8,487,0.346,0.536,FALSE
2011,"AL","TEX","Ian Kinsler",11,25,0,"6%",0.593,"MIF",7,620,0.355,0.477,FALSE
2011,"AL","TEX","Adrian Beltre",15,9,0,"2%",0.593,"CIF",5.6,487,0.331,0.561,FALSE
2011,"AL","TOR","Jose Bautista",3,231,5,"59%",0.5,"OF",8.3,513,0.447,0.608,FALSE
2012,"AL","BAL","Adam Jones",6,120,0,"31%",0.574,"OF",4.1,648,0.334,0.505,FALSE
2012,"AL","BAL","Matt Wieters",21,4,0,"1%",0.574,"C",4.1,526,0.329,0.435,FALSE
2012,"AL","CHW","Alex Rios",15,17,0,"4%",0.525,"OF",4.8,605,0.334,0.516,FALSE
2012,"AL","DET","Miguel Cabrera",1,362,22,"92%",0.543,"CIF",7.1,622,0.393,0.606,FALSE
2012,"AL","DET","Prince Fielder",9,56,0,"14%",0.543,"CIF",4.7,581,0.412,0.528,FALSE
2012,"AL","LAA","Mike Trout",2,281,6,"72%",0.549,"OF",10.5,559,0.399,0.564,FALSE
2012,"AL","LAA","Albert Pujols",17,8,0,"2%",0.549,"CIF",4.8,607,0.343,0.516,FALSE
2012,"AL","MIN","Joe Mauer",19,6,0,"2%",0.407,"C",4.4,545,0.416,0.446,FALSE
2012,"AL","NYY","Derek Jeter",7,77,0,"20%",0.586,"MIF",2.2,683,0.362,0.429,FALSE
2012,"AL","NYY","Raul Ibanez",24,1,0,"0%",0.586,"OF",0.5,384,0.308,0.453,FALSE
2012,"AL","NYY","Robinson Canó",4,149,0,"38%",0.586,"MIF",8.4,627,0.379,0.55,FALSE
2012,"AL","OAK","Yoenis Céspedes",10,41,0,"10%",0.58,"OF",4,487,0.356,0.505,FALSE
2012,"AL","OAK","Josh Reddick",16,14,0,"4%",0.58,"OF",4.6,611,0.305,0.463,FALSE
2012,"AL","TBR","Ben Zobrist",18,7,0,"2%",0.556,"MIF",5.8,560,0.377,0.471,FALSE
2012,"AL","TEX","Adrian Beltre",3,210,0,"54%",0.574,"CIF",7.2,604,0.359,0.561,FALSE
2012,"AL","TEX","Josh Hamilton",5,127,0,"32%",0.574,"OF",4,562,0.354,0.577,FALSE
2012,"AL","TOR","Edwin Encarnacion",11,33,0,"8%",0.451,"DH",5,542,0.384,0.557,FALSE
2013,"AL","BAL","Chris Davis",3,232,1,"55%",0.525,"CIF",7.1,584,0.37,0.634,FALSE
2013,"AL","BAL","Adam Jones",13,9,0,"2%",0.525,"OF",4.8,653,0.318,0.493,FALSE
2013,"AL","BAL","Manny Machado",9,57,0,"14%",0.525,"CIF",5.9,667,0.314,0.432,FALSE
2013,"AL","BOS","Dustin Pedroia",7,99,0,"24%",0.599,"MIF",6.1,641,0.372,0.415,FALSE
2013,"AL","BOS","Jacoby Ellsbury",15,3,0,"1%",0.599,"OF",5.8,577,0.355,0.426,FALSE
2013,"AL","BOS","David Ortiz",10,47,0,"11%",0.599,"DH",4.4,518,0.395,0.564,FALSE
2013,"AL","BOS","Shane Victorino",22,1,0,"0%",0.599,"OF",6,477,0.351,0.451,FALSE
2013,"AL","CLE","Carlos Santana",15,3,0,"1%",0.568,"CIF",4.4,541,0.377,0.455,FALSE
2013,"AL","CLE","Jason Kipnis",11,31,0,"7%",0.568,"MIF",5,564,0.366,0.452,FALSE
2013,"AL","DET","Torii Hunter",19,2,0,"0%",0.574,"OF",2.6,606,0.334,0.465,FALSE
2013,"AL","DET","Miguel Cabrera",1,385,23,"92%",0.574,"CIF",7.5,555,0.442,0.636,FALSE
2013,"AL","KCR","Salvador Perez",22,1,0,"0%",0.531,"C",4.2,496,0.323,0.433,FALSE
2013,"AL","LAA","Mike Trout",2,282,5,"67%",0.481,"OF",8.9,589,0.432,0.557,FALSE
2013,"AL","NYY","Robinson Canó",5,150,0,"36%",0.525,"MIF",6.6,605,0.383,0.516,FALSE
2013,"AL","OAK","Coco Crisp",15,3,0,"1%",0.593,"OF",3.8,513,0.335,0.444,FALSE
2013,"AL","OAK","Josh Donaldson",4,222,1,"53%",0.593,"CIF",7.2,579,0.384,0.499,FALSE
2013,"AL","TBR","Evan Longoria",6,103,0,"25%",0.564,"CIF",5.8,614,0.343,0.498,FALSE
2013,"AL","TEX","Adrian Beltre",7,99,0,"24%",0.558,"CIF",5.7,631,0.371,0.509,FALSE
2013,"AL","TOR","Edwin Encarnacion",14,7,0,"2%",0.457,"DH",4.1,530,0.37,0.534,FALSE
2014,"AL","BAL","Nelson Cruz",7,102,0,"24%",0.593,"DH",4.5,613,0.333,0.525,FALSE
2014,"AL","BAL","Adam Jones",14,34,0,"8%",0.593,"OF",4.8,644,0.311,0.469,FALSE
2014,"AL","CHW","José Abreu",4,145,0,"35%",0.451,"CIF",5.8,556,0.383,0.581,FALSE
2014,"AL","CLE","Michael Brantley",3,191,0,"45%",0.525,"OF",7,611,0.385,0.506,FALSE
2014,"AL","DET","Victor Martinez",2,229,0,"55%",0.556,"DH",5.5,561,0.409,0.565,FALSE
2014,"AL","DET","Miguel Cabrera",9,82,0,"20%",0.556,"CIF",5.1,611,0.371,0.524,FALSE
2014,"AL","HOU","Jose Altuve",13,41,0,"10%",0.432,"MIF",5.5,660,0.377,0.453,FALSE
2014,"AL","KCR","Alex Gordon",12,44,0,"10%",0.549,"OF",6.1,563,0.351,0.432,FALSE
2014,"AL","LAA","Mike Trout",1,420,30,"100%",0.605,"OF",7.7,602,0.377,0.561,FALSE
2014,"AL","LAA","Albert Pujols",17,5,0,"1%",0.605,"CIF",3.9,633,0.324,0.466,FALSE
2014,"AL","LAA","Howie Kendrick",18,3,0,"1%",0.605,"MIF",6.1,617,0.347,0.397,FALSE
2014,"AL","OAK","Josh Donaldson",8,96,0,"23%",0.543,"CIF",6.9,608,0.342,0.456,FALSE
2014,"AL","SEA","Robinson Canó",5,124,0,"30%",0.537,"MIF",6.3,595,0.382,0.454,FALSE
2014,"AL","SEA","Kyle Seager",20,1,0,"0%",0.537,"CIF",6.3,590,0.334,0.454,FALSE
2014,"AL","TEX","Adrian Beltre",15,22,0,"5%",0.414,"CIF",6.2,549,0.388,0.492,FALSE
2014,"AL","TOR","Jose Bautista",6,122,0,"29%",0.512,"OF",6.9,553,0.403,0.524,FALSE
2015,"AL","BAL","Chris Davis",14,32,0,"8%",0.5,"CIF",4.9,573,0.361,0.562,FALSE
2015,"AL","BAL","Manny Machado",4,158,0,"38%",0.5,"CIF",7.5,633,0.359,0.502,FALSE
2015,"AL","BOS","Mookie Betts",19,4,0,"1%",0.481,"OF",6.1,597,0.341,0.479,FALSE
2015,"AL","BOS","David Ortiz",28,1,0,"0%",0.481,"DH",3.1,528,0.36,0.553,FALSE
2015,"AL","CHW","José Abreu",21,3,0,"1%",0.469,"CIF",3.5,613,0.347,0.502,FALSE
2015,"AL","CLE","Michael Brantley",28,1,0,"0%",0.503,"OF",3.8,529,0.379,0.48,FALSE
2015,"AL","CLE","Jason Kipnis",16,17,0,"4%",0.503,"MIF",4,565,0.372,0.451,FALSE
2015,"AL","DET","J.D. Martinez",15,18,0,"4%",0.46,"DH",5.4,596,0.344,0.535,FALSE
2015,"AL","DET","Miguel Cabrera",11,40,0,"10%",0.46,"CIF",4.9,429,0.44,0.534,FALSE
2015,"AL","DET","Ian Kinsler",21,3,0,"1%",0.46,"MIF",4.7,624,0.342,0.428,FALSE
2015,"AL","HOU","Carlos Correa",24,2,0,"0%",0.531,"MIF",4.8,387,0.345,0.512,FALSE
2015,"AL","HOU","Jose Altuve",10,44,0,"10%",0.531,"MIF",4,638,0.353,0.459,FALSE
2015,"AL","KCR","Lorenzo Cain",3,225,0,"54%",0.586,"OF",7,551,0.361,0.477,FALSE
2015,"AL","KCR","Mike Moustakas",21,3,0,"1%",0.586,"CIF",4.1,549,0.348,0.47,FALSE
2015,"AL","KCR","Kendrys Morales",18,7,0,"2%",0.586,"DH",2.7,569,0.362,0.485,FALSE
2015,"AL","KCR","Eric Hosmer",24,2,0,"0%",0.586,"CIF",4.3,599,0.363,0.459,FALSE
2015,"AL","LAA","Mike Trout",2,304,7,"72%",0.525,"OF",9.6,575,0.402,0.59,FALSE
2015,"AL","MIN","Brian Dozier",28,1,0,"0%",0.512,"MIF",2.8,628,0.307,0.444,FALSE
2015,"AL","NYY","Brian McCann",24,2,0,"0%",0.537,"C",2.8,465,0.32,0.437,FALSE
2015,"AL","NYY","Alex Rodriguez",28,1,0,"0%",0.537,"MIF",3,523,0.356,0.486,FALSE
2015,"AL","NYY","Mark Teixeira",28,1,0,"0%",0.537,"CIF",3.3,392,0.357,0.548,FALSE
2015,"AL","SEA","Nelson Cruz",6,94,0,"22%",0.469,"DH",5.1,590,0.369,0.566,FALSE
2015,"AL","TBR","Kevin Kiermaier",17,10,0,"2%",0.494,"OF",7.1,505,0.298,0.42,FALSE
2015,"AL","TEX","Adrian Beltre",7,83,0,"20%",0.543,"CIF",4.4,567,0.334,0.453,FALSE
2015,"AL","TEX","Prince Fielder",13,33,0,"8%",0.543,"CIF",2,613,0.378,0.463,FALSE
2015,"AL","TOR","Josh Donaldson",1,385,23,"92%",0.574,"CIF",7.1,620,0.371,0.568,FALSE
2015,"AL","TOR","Jose Bautista",8,82,0,"20%",0.574,"OF",4.8,543,0.377,0.536,FALSE
2015,"AL","TOR","Russell Martin",24,2,0,"0%",0.574,"C",3.2,441,0.329,0.458,FALSE
2015,"AL","TOR","Edwin Encarnacion",12,38,0,"9%",0.574,"DH",4.9,528,0.372,0.557,FALSE
2016,"AL","BAL","Manny Machado",5,150,0,"36%",0.549,"CIF",7.3,640,0.343,0.533,FALSE
2016,"AL","BOS","Mookie Betts",2,311,9,"74%",0.574,"OF",9.5,672,0.363,0.534,FALSE
2016,"AL","BOS","David Ortiz",6,147,1,"35%",0.574,"DH",5.2,537,0.401,0.62,FALSE
2016,"AL","CHW","Adam Eaton",19,1,0,"0%",0.481,"OF",6.6,619,0.362,0.428,FALSE
2016,"AL","CLE","Jose Ramirez",17,2,0,"0%",0.584,"CIF",4.8,565,0.363,0.462,FALSE
2016,"AL","CLE","Francisco Lindor",9,56,0,"13%",0.584,"MIF",5.1,604,0.358,0.435,FALSE
2016,"AL","DET","Miguel Cabrera",9,56,0,"13%",0.534,"CIF",5.1,595,0.393,0.563,FALSE
2016,"AL","HOU","Jose Altuve",3,227,0,"54%",0.519,"MIF",7.9,640,0.396,0.531,FALSE
2016,"AL","LAA","Mike Trout",1,356,19,"85%",0.457,"OF",10.5,549,0.441,0.55,FALSE
2016,"AL","MIN","Brian Dozier",13,9,0,"2%",0.364,"MIF",5.8,615,0.34,0.546,FALSE
2016,"AL","SEA","Robinson Canó",8,79,0,"19%",0.531,"MIF",7.3,655,0.35,0.533,FALSE
2016,"AL","SEA","Nelson Cruz",15,6,0,"1%",0.531,"DH",4.8,589,0.36,0.555,FALSE
2016,"AL","SEA","Kyle Seager",12,10,0,"2%",0.531,"CIF",6.7,597,0.359,0.499,FALSE
2016,"AL","TBR","Evan Longoria",19,1,0,"0%",0.42,"CIF",4.4,633,0.318,0.521,FALSE
2016,"AL","TEX","Adrian Beltre",7,135,1,"32%",0.586,"CIF",6.7,583,0.358,0.521,FALSE
2016,"AL","TOR","Josh Donaldson",4,200,0,"48%",0.549,"CIF",7.2,577,0.404,0.549,FALSE
2016,"AL","TOR","Edwin Encarnacion",14,7,0,"2%",0.549,"DH",4.1,601,0.357,0.529,FALSE
2017,"AL","BAL","Jonathan Schoop",12,19,0,"5%",0.463,"MIF",6.5,622,0.338,0.503,FALSE
2017,"AL","BOS","Mookie Betts",6,110,0,"26%",0.574,"OF",6.4,628,0.344,0.459,FALSE
2017,"AL","CHW","José Abreu",14,16,0,"4%",0.414,"CIF",4.9,621,0.354,0.552,FALSE
2017,"AL","CLE","Francisco Lindor",5,143,0,"34%",0.63,"MIF",5.7,651,0.337,0.505,FALSE
2017,"AL","CLE","Jose Ramirez",3,237,1,"56%",0.63,"CIF",7,585,0.374,0.583,FALSE
2017,"AL","CLE","Edwin Encarnacion",20,4,0,"1%",0.63,"DH",2.8,554,0.377,0.504,FALSE
2017,"AL","HOU","Jose Altuve",1,405,27,"96%",0.623,"MIF",7.7,590,0.41,0.547,FALSE
2017,"AL","HOU","Marwin Gonzalez",19,6,0,"1%",0.623,"MIF",3.9,455,0.377,0.53,FALSE
2017,"AL","HOU","Carlos Correa",17,9,0,"2%",0.623,"MIF",6.7,422,0.391,0.55,FALSE
2017,"AL","HOU","George Springer",13,17,0,"4%",0.623,"OF",5,548,0.367,0.522,FALSE
2017,"AL","KCR","Eric Hosmer",14,16,0,"4%",0.494,"CIF",4.3,603,0.385,0.498,FALSE
2017,"AL","LAA","Mike Trout",4,197,0,"47%",0.494,"OF",6.9,402,0.442,0.629,FALSE
2017,"AL","LAA","Andrelton Simmons",8,60,0,"14%",0.494,"MIF",7.9,589,0.331,0.421,FALSE
2017,"AL","MIN","Byron Buxton",18,7,0,"2%",0.525,"OF",4.9,462,0.314,0.413,FALSE
2017,"AL","MIN","Brian Dozier",11,25,0,"6%",0.525,"MIF",4.7,617,0.359,0.498,FALSE
2017,"AL","NYY","Aaron Judge",2,279,2,"66%",0.562,"OF",8,542,0.422,0.627,FALSE
2017,"AL","NYY","Gary Sanchez",22,1,0,"0%",0.562,"C",4,471,0.345,0.531,FALSE
2017,"AL","NYY","Didi Gregorius",20,4,0,"1%",0.562,"MIF",4.5,534,0.318,0.478,FALSE
2017,"AL","OAK","Khris Davis",22,1,0,"0%",0.463,"DH",2.7,566,0.336,0.528,FALSE
2017,"AL","SEA","Nelson Cruz",10,44,0,"10%",0.481,"DH",4.3,556,0.375,0.549,FALSE
2017,"AL","TOR","Josh Donaldson",22,1,0,"0%",0.469,"CIF",4.6,415,0.385,0.559,FALSE
2017,"AL","DET/LAA","Justin Upton",16,12,0,"3%",0.4445,"OF",5.7,557,0.361,0.54,FALSE
2018,"AL","BOS","Mookie Betts",1,410,28,"98%",0.667,"OF",10.7,520,0.438,0.64,FALSE
2018,"AL","BOS","Xander Bogaerts",13,9,0,"2%",0.667,"MIF",4.9,513,0.36,0.522,FALSE
2018,"AL","BOS","J.D. Martinez",4,198,1,"47%",0.667,"DH",6.7,569,0.402,0.629,FALSE
2018,"AL","CLE","Francisco Lindor",6,169,0,"40%",0.562,"MIF",7.2,661,0.352,0.519,FALSE
2018,"AL","CLE","Jose Ramirez",3,208,0,"50%",0.562,"CIF",7.5,578,0.387,0.552,FALSE
2018,"AL","HOU","Alex Bregman",5,192,0,"46%",0.636,"CIF",7.9,594,0.394,0.532,FALSE
2018,"AL","HOU","Jose Altuve",13,9,0,"2%",0.636,"MIF",5.1,534,0.386,0.451,FALSE
2018,"AL","KCR","Whit Merrifield",17,6,0,"1%",0.358,"MIF",4.5,632,0.367,0.438,FALSE
2018,"AL","LAA","Mike Trout",2,265,1,"63%",0.494,"OF",9.9,471,0.46,0.628,FALSE
2018,"AL","LAA","Andrelton Simmons",15,7,0,"2%",0.494,"MIF",5.7,554,0.337,0.417,FALSE
2018,"AL","NYY","Giancarlo Stanton",19,4,0,"1%",0.617,"OF",4.4,617,0.343,0.509,FALSE
2018,"AL","NYY","Aaron Judge",12,10,0,"2%",0.617,"OF",5.9,413,0.392,0.528,FALSE
2018,"AL","NYY","Aaron Hicks",22,1,0,"0%",0.617,"OF",4.4,480,0.366,0.467,FALSE
2018,"AL","NYY","Didi Gregorius",20,3,0,"1%",0.617,"MIF",4.9,504,0.335,0.494,FALSE
2018,"AL","OAK","Khris Davis",8,41,0,"10%",0.599,"DH",2.9,576,0.326,0.549,FALSE
2018,"AL","OAK","Matt Chapman",7,141,0,"34%",0.599,"CIF",7.6,547,0.356,0.508,FALSE
2018,"AL","OAK","Jed Lowrie",20,3,0,"1%",0.599,"MIF",4,596,0.353,0.448,FALSE
2018,"AL","SEA","Mitch Haniger",11,16,0,"4%",0.549,"OF",6.5,596,0.366,0.493,FALSE
2019,"AL","BOS","Xander Bogaerts",5,147,0,"35%",0.519,"MIF",6.3,614,0.384,0.555,FALSE
2019,"AL","BOS","Mookie Betts",8,67,0,"16%",0.519,"OF",7.3,597,0.391,0.524,FALSE
2019,"AL","BOS","J.D. Martinez",21,1,0,"0%",0.519,"DH",3.5,575,0.383,0.557,FALSE
2019,"AL","BOS","Rafael Devers",12,40,0,"10%",0.519,"CIF",5.4,647,0.361,0.555,FALSE
2019,"AL","CHW","Yoan Moncada",21,1,0,"0%",0.447,"CIF",5.2,511,0.367,0.548,FALSE
2019,"AL","CHW","José Abreu",19,5,0,"1%",0.447,"CIF",2.5,634,0.33,0.503,FALSE
2019,"AL","CLE","Francisco Lindor",15,13,0,"3%",0.574,"MIF",4.8,598,0.335,0.518,FALSE
2019,"AL","CLE","Carlos Santana",16,9,0,"2%",0.574,"CIF",4.5,573,0.397,0.515,FALSE
2019,"AL","HOU","Alex Bregman",2,335,13,"80%",0.66,"CIF",8.9,554,0.423,0.592,FALSE
2019,"AL","HOU","George Springer",7,69,0,"16%",0.66,"OF",6.4,479,0.383,0.591,FALSE
2019,"AL","KCR","Jorge Soler",21,1,0,"0%",0.364,"DH",3.5,589,0.354,0.569,FALSE
2019,"AL","LAA","Mike Trout",1,355,17,"85%",0.444,"OF",7.9,470,0.438,0.645,FALSE
2019,"AL","MIN","Eddie Rosario",18,6,0,"1%",0.623,"OF",1.5,562,0.3,0.5,FALSE
2019,"AL","MIN","Nelson Cruz",9,62,0,"15%",0.623,"DH",4.4,454,0.392,0.639,FALSE
2019,"AL","MIN","Max Kepler",20,2,0,"0%",0.623,"OF",4,524,0.336,0.519,FALSE
2019,"AL","MIN","Jorge Polanco",13,20,0,"5%",0.623,"MIF",4.7,631,0.356,0.485,FALSE
2019,"AL","NYY","Gleyber Torres",17,8,0,"2%",0.636,"MIF",3,546,0.337,0.535,FALSE
2019,"AL","NYY","DJ LeMahieu",4,178,0,"42%",0.636,"MIF",5.6,602,0.375,0.518,FALSE
2019,"AL","OAK","Matt Olson",21,1,0,"0%",0.599,"CIF",4.9,483,0.351,0.545,FALSE
2019,"AL","OAK","Matt Chapman",6,89,0,"21%",0.599,"CIF",7.8,583,0.342,0.506,FALSE
2019,"AL","OAK","Marcus Semien",3,228,0,"54%",0.599,"MIF",8.5,657,0.369,0.522,FALSE
2019,"AL","TBR","Austin Meadows",14,15,0,"4%",0.593,"DH",3.9,530,0.364,0.558,FALSE
2020,"AL","BOS","Xander Bogaerts",17,1,0,"0%",0.4,"MIF",1.6,203,0.364,0.502,TRUE
2020,"AL","BOS","Alex Verdugo",12,6,0,"1%",0.4,"OF",2.1,201,0.367,0.478,TRUE
2020,"AL","CHW","José Abreu",1,374,21,"89%",0.583,"CIF",3,240,0.37,0.617,TRUE
2020,"AL","CHW","Tim Anderson",7,125,0,"30%",0.583,"MIF",2.3,208,0.357,0.529,TRUE
2020,"AL","CLE","Jose Ramirez",2,303,8,"72%",0.583,"CIF",2.5,219,0.386,0.607,TRUE
2020,"AL","HOU","George Springer",13,4,0,"1%",0.483,"OF",2.2,189,0.359,0.54,TRUE
2020,"AL","KCR","Salvador Perez",17,1,0,"0%",0.433,"C",2.1,150,0.353,0.633,TRUE
2020,"AL","LAA","Mike Trout",5,172,0,"41%",0.433,"OF",1.8,199,0.39,0.603,TRUE
2020,"AL","LAA","Anthony Rendon",10,42,0,"10%",0.433,"CIF",2.2,189,0.418,0.497,TRUE
2020,"AL","LAA","David Fletcher",17,1,0,"0%",0.433,"MIF",2,207,0.376,0.425,TRUE
2020,"AL","MIN","Byron Buxton",16,2,0,"0%",0.6,"OF",2.1,130,0.267,0.577,TRUE
2020,"AL","MIN","Nelson Cruz",6,128,0,"30%",0.6,"DH",1.8,185,0.397,0.595,TRUE
2020,"AL","MIN","Eddie Rosario",17,1,0,"0%",0.6,"OF",1.2,210,0.316,0.476,TRUE
2020,"AL","NYY","Luke Voit",9,85,0,"20%",0.55,"CIF",1.7,213,0.338,0.61,TRUE
2020,"AL","NYY","DJ LeMahieu",3,230,1,"55%",0.55,"MIF",3,195,0.421,0.59,TRUE
2020,"AL","SEA","Kyle Lewis",17,1,0,"0%",0.45,"OF",1.6,206,0.364,0.437,TRUE
2020,"AL","TBR","Brandon Lowe",8,104,0,"25%",0.667,"MIF",2.4,193,0.362,0.554,TRUE
2020,"AL","TOR","Teoscar Hernandez",11,8,0,"2%",0.533,"OF",1.4,190,0.34,0.579,TRUE
2021,"AL","BAL","Cedric Mullins",9,87,0,"21%",0.321,"OF",5.7,602,0.36,0.518,FALSE
2021,"AL","BOS","Xander Bogaerts",12,7,0,"2%",0.568,"MIF",4.9,529,0.37,0.493,FALSE
2021,"AL","BOS","Rafael Devers",11,28,0,"7%",0.568,"CIF",3.5,591,0.352,0.538,FALSE
2021,"AL","CHW","José Abreu",14,5,0,"1%",0.574,"CIF",3,566,0.351,0.481,FALSE
2021,"AL","CLE","Jose Ramirez",6,133,0,"32%",0.494,"CIF",6.7,552,0.355,0.538,FALSE
2021,"AL","HOU","Carlos Correa",5,163,0,"39%",0.586,"MIF",7.2,555,0.366,0.485,FALSE
2021,"AL","HOU","Jose Altuve",18,3,0,"1%",0.586,"MIF",4.4,601,0.35,0.489,FALSE
2021,"AL","HOU","Kyle Tucker",20,1,0,"0%",0.586,"OF",5.7,506,0.359,0.557,FALSE
2021,"AL","KCR","Salvador Perez",7,103,0,"25%",0.457,"C",5.3,620,0.316,0.544,FALSE
2021,"AL","LAA","Shohei Ohtani",1,420,30,"100%",0.475,"DH",4.9,537,0.372,0.592,FALSE
2021,"AL","NYY","Aaron Judge",4,171,0,"41%",0.568,"OF",6,550,0.373,0.544,FALSE
2021,"AL","OAK","Matt Olson",8,90,0,"21%",0.531,"CIF",5.8,565,0.371,0.54,FALSE
2021,"AL","SEA","Mitch Haniger",20,1,0,"0%",0.556,"OF",3.1,620,0.318,0.485,FALSE
2021,"AL","TBR","Austin Meadows",20,1,0,"0%",0.617,"DH",2,518,0.315,0.458,FALSE
2021,"AL","TBR","Brandon Lowe",10,34,0,"8%",0.617,"MIF",4.7,535,0.34,0.523,FALSE
2021,"AL","TBR","Mike Zunino",20,1,0,"0%",0.617,"C",3.8,333,0.301,0.559,FALSE
2021,"AL","TOR","Vladimir Guerrero Jr.",2,269,0,"64%",0.562,"CIF",6.8,604,0.401,0.601,FALSE
2021,"AL","TOR","Marcus Semien",3,232,0,"55%",0.562,"MIF",7.3,652,0.334,0.538,FALSE
2021,"AL","TOR","Teoscar Hernandez",19,2,0,"0%",0.562,"OF",3.9,550,0.346,0.524,FALSE
2021,"AL","TOR","Bo Bichette",12,7,0,"2%",0.562,"MIF",5.9,640,0.343,0.484,FALSE
2004,"NL","ATL","J.D. Drew",6,114,0,"25%",0.593,"OF",8.3,518,0.436,0.569,FALSE
2004,"NL","ATL","Johnny Estrada",18,8,0,"2%",0.593,"C",2,462,0.378,0.45,FALSE
2004,"NL","CHC","Moises Alou",14,15,0,"3%",0.549,"OF",4,601,0.361,0.557,FALSE
2004,"NL","CHC","Aramis Ramirez",10,42,0,"9%",0.549,"CIF",4.4,547,0.373,0.578,FALSE
2004,"NL","CIN","Adam Dunn",28,2,0,"0%",0.469,"OF",4.7,568,0.388,0.569,FALSE
2004,"NL","COL","Todd Helton",16,9,0,"2%",0.42,"CIF",8.3,547,0.469,0.62,FALSE
2004,"NL","COL","Vinny Castilla",23,3,0,"1%",0.42,"CIF",3.1,583,0.332,0.535,FALSE
2004,"NL","COL","Jeromy Burnitz",23,3,0,"1%",0.42,"OF",1.3,540,0.356,0.559,FALSE
2004,"NL","FLA","Miguel Cabrera",22,5,0,"1%",0.512,"CIF",3.5,603,0.366,0.512,FALSE
2004,"NL","FLA","Juan Pierre",16,9,0,"2%",0.512,"OF",3.9,678,0.374,0.407,FALSE
2004,"NL","HOU","Lance Berkman",7,100,0,"22%",0.568,"OF",6,544,0.45,0.566,FALSE
2004,"NL","HOU","Jeff Kent",13,18,0,"4%",0.568,"MIF",4,540,0.348,0.531,FALSE
2004,"NL","HOU","Carlos Beltran",12,20,0,"4%",0.568,"OF",4.5,333,0.368,0.559,FALSE
2004,"NL","LAD","Adrian Beltre",2,311,6,"69%",0.574,"CIF",9.6,598,0.388,0.629,FALSE
2004,"NL","PHI","Jim Thome",19,7,0,"2%",0.531,"CIF",3.2,508,0.396,0.581,FALSE
2004,"NL","PHI","Jimmy Rollins",30,1,0,"0%",0.531,"MIF",4.7,657,0.348,0.455,FALSE
2004,"NL","PHI","Bobby Abreu",23,3,0,"1%",0.531,"OF",6.6,574,0.428,0.544,FALSE
2004,"NL","SDP","Mark Loretta",9,50,0,"11%",0.537,"MIF",6,620,0.391,0.495,FALSE
2004,"NL","SDP","Phil Nevin",30,1,0,"0%",0.537,"CIF",3.1,547,0.368,0.492,FALSE
2004,"NL","SFG","Barry Bonds",1,407,24,"91%",0.562,"OF",10.6,373,0.609,0.812,FALSE
2004,"NL","STL","Albert Pujols",3,247,1,"55%",0.648,"CIF",8.5,592,0.415,0.657,FALSE
2004,"NL","STL","Jim Edmonds",5,160,0,"36%",0.648,"OF",7.2,498,0.418,0.643,FALSE
2004,"NL","STL","Scott Rolen",4,226,1,"50%",0.648,"CIF",9.2,500,0.409,0.598,FALSE
2004,"NL","ARI/LAD","Steve Finley",14,15,0,"3%",0.4445,"OF",3.2,628,0.333,0.49,FALSE
2005,"NL","ATL","Marcus Giles",26,4,0,"1%",0.556,"MIF",4,577,0.365,0.461,FALSE
2005,"NL","ATL","Andruw Jones",2,351,13,"78%",0.556,"OF",6.7,586,0.347,0.575,FALSE
2005,"NL","CHC","Derrek Lee",3,263,1,"59%",0.488,"CIF",7.7,594,0.418,0.662,FALSE
2005,"NL","CIN","Ken Griffey Jr.",24,5,0,"1%",0.451,"OF",3.7,491,0.369,0.576,FALSE
2005,"NL","CIN","Adam Dunn",26,4,0,"1%",0.451,"OF",2.9,543,0.387,0.54,FALSE
2005,"NL","FLA","Carlos Delgado",6,84,0,"19%",0.512,"CIF",2.8,521,0.399,0.582,FALSE
2005,"NL","FLA","Miguel Cabrera",5,146,0,"33%",0.512,"CIF",5.2,613,0.385,0.561,FALSE
2005,"NL","HOU","Lance Berkman",14,21,0,"5%",0.549,"OF",3.2,468,0.411,0.524,FALSE
2005,"NL","HOU","Morgan Ensberg",4,160,0,"36%",0.549,"CIF",6.3,526,0.388,0.557,FALSE
2005,"NL","LAD","Jeff Kent",19,18,0,"4%",0.438,"MIF",3.8,553,0.377,0.512,FALSE
2005,"NL","MIL","Carlos Lee",17,19,0,"4%",0.5,"OF",1,618,0.324,0.487,FALSE
2005,"NL","NYM","David Wright",19,18,0,"4%",0.512,"CIF",4.8,575,0.388,0.523,FALSE
2005,"NL","NYM","Cliff Floyd",26,4,0,"1%",0.512,"OF",4.7,550,0.358,0.505,FALSE
2005,"NL","NYM","Jose Reyes",30,1,0,"0%",0.512,"MIF",1.6,696,0.3,0.386,FALSE
2005,"NL","PHI","Pat Burrell",7,65,0,"15%",0.543,"OF",3.6,562,0.389,0.504,FALSE
2005,"NL","PHI","Jimmy Rollins",10,45,0,"10%",0.543,"MIF",4.9,677,0.338,0.431,FALSE
2005,"NL","PHI","Bobby Abreu",14,21,0,"5%",0.543,"OF",3.6,588,0.405,0.474,FALSE
2005,"NL","PHI","Chase Utley",13,22,0,"5%",0.543,"MIF",7.3,543,0.376,0.54,FALSE
2005,"NL","PIT","Jason Bay",12,41,0,"9%",0.414,"OF",5.7,599,0.402,0.559,FALSE
2005,"NL","SDP","Brian Giles",9,48,0,"11%",0.506,"OF",4.9,545,0.423,0.483,FALSE
2005,"NL","STL","Jim Edmonds",26,4,0,"1%",0.617,"OF",4.4,467,0.385,0.533,FALSE
2005,"NL","STL","David Eckstein",21,15,0,"3%",0.617,"MIF",2.9,630,0.363,0.395,FALSE
2005,"NL","STL","Albert Pujols",1,378,18,"84%",0.617,"CIF",8.4,591,0.43,0.609,FALSE
2006,"NL","ATL","Andruw Jones",11,29,0,"6%",0.488,"OF",5.6,565,0.363,0.531,FALSE
2006,"NL","ATL","Chipper Jones",20,3,0,"1%",0.488,"CIF",3.6,411,0.409,0.596,FALSE
2006,"NL","CHC","Aramis Ramirez",17,5,0,"1%",0.407,"CIF",3.5,594,0.352,0.561,FALSE
2006,"NL","COL","Garrett Atkins",15,10,0,"2%",0.469,"CIF",5,602,0.409,0.556,FALSE
2006,"NL","COL","Matt Holliday",15,10,0,"2%",0.469,"OF",3.4,602,0.387,0.586,FALSE
2006,"NL","FLA","Miguel Cabrera",5,170,0,"38%",0.481,"CIF",5.8,576,0.43,0.568,FALSE
2006,"NL","HOU","Lance Berkman",3,230,0,"51%",0.506,"OF",6,536,0.42,0.621,FALSE
2006,"NL","LAD","Rafael Furcal",14,11,0,"2%",0.543,"MIF",4.4,654,0.369,0.445,FALSE
2006,"NL","LAD","Nomar Garciaparra",13,18,0,"4%",0.543,"MIF",2.5,469,0.367,0.505,FALSE
2006,"NL","NYM","David Wright",9,70,0,"16%",0.599,"CIF",4.1,582,0.381,0.531,FALSE
2006,"NL","NYM","Carlos Beltran",4,211,0,"47%",0.599,"OF",8.2,510,0.388,0.594,FALSE
2006,"NL","NYM","Jose Reyes",7,98,0,"22%",0.599,"MIF",5.9,647,0.354,0.487,FALSE
2006,"NL","NYM","Carlos Delgado",12,23,0,"5%",0.599,"CIF",2.7,524,0.361,0.548,FALSE
2006,"NL","PHI","Ryan Howard",1,388,20,"87%",0.525,"CIF",5.2,581,0.425,0.659,FALSE
2006,"NL","PHI","Jimmy Rollins",21,2,0,"0%",0.525,"MIF",4.6,689,0.334,0.478,FALSE
2006,"NL","PHI","Chase Utley",7,98,0,"22%",0.525,"MIF",7.3,658,0.379,0.527,FALSE
2006,"NL","PIT","Jason Bay",23,1,0,"0%",0.414,"OF",4.3,570,0.396,0.532,FALSE
2006,"NL","PIT","Freddy Sanchez",17,5,0,"1%",0.414,"MIF",4.4,582,0.378,0.473,FALSE
2006,"NL","SDP","Mike Cameron",21,2,0,"0%",0.543,"OF",4.4,552,0.355,0.482,FALSE
2006,"NL","STL","Albert Pujols",2,347,12,"77%",0.516,"CIF",8.5,535,0.431,0.671,FALSE
2006,"NL","WSN","Alfonso Soriano",6,106,0,"24%",0.438,"OF",6.1,647,0.351,0.56,FALSE
2007,"NL","ARI","Eric Byrnes",11,43,0,"10%",0.556,"OF",3.7,626,0.353,0.46,FALSE
2007,"NL","ATL","Chipper Jones",6,107,0,"24%",0.519,"CIF",7.6,513,0.425,0.604,FALSE
2007,"NL","CHC","Aramis Ramirez",13,36,0,"8%",0.525,"CIF",5.3,506,0.366,0.549,FALSE
2007,"NL","CHC","Alfonso Soriano",12,39,0,"9%",0.525,"OF",4.3,579,0.337,0.56,FALSE
2007,"NL","CIN","Brandon Phillips",22,3,0,"1%",0.444,"MIF",4,650,0.331,0.485,FALSE
2007,"NL","COL","Brad Hawpe",24,2,0,"0%",0.552,"OF",1.5,516,0.387,0.539,FALSE
2007,"NL","COL","Matt Holliday",2,336,11,"75%",0.552,"OF",6,636,0.405,0.607,FALSE
2007,"NL","COL","Troy Tulowitzki",18,13,0,"3%",0.552,"MIF",6.8,609,0.359,0.479,FALSE
2007,"NL","FLA","Miguel Cabrera",15,18,0,"4%",0.438,"CIF",3.2,588,0.401,0.565,FALSE
2007,"NL","FLA","Hanley Ramirez",10,49,0,"11%",0.438,"MIF",4.4,639,0.386,0.562,FALSE
2007,"NL","HOU","Carlos Lee",19,7,0,"2%",0.451,"OF",2.3,627,0.354,0.528,FALSE
2007,"NL","MIL","Ryan Braun",24,2,0,"0%",0.512,"OF",2,451,0.37,0.634,FALSE
2007,"NL","MIL","Prince Fielder",3,284,5,"63%",0.512,"CIF",3.6,573,0.395,0.618,FALSE
2007,"NL","NYM","David Wright",4,182,0,"41%",0.543,"CIF",8.3,604,0.416,0.546,FALSE
2007,"NL","NYM","Jose Reyes",16,16,0,"4%",0.543,"MIF",5.1,681,0.354,0.421,FALSE
2007,"NL","NYM","Carlos Beltran",20,6,0,"1%",0.543,"OF",5.4,554,0.353,0.525,FALSE
2007,"NL","PHI","Chase Utley",8,89,0,"20%",0.549,"MIF",7.8,530,0.41,0.566,FALSE
2007,"NL","PHI","Ryan Howard",5,112,0,"25%",0.549,"CIF",2.9,529,0.392,0.584,FALSE
2007,"NL","PHI","Jimmy Rollins",1,353,16,"79%",0.549,"MIF",6.1,716,0.344,0.531,FALSE
2007,"NL","PHI","Aaron Rowand",22,3,0,"1%",0.549,"OF",5.1,612,0.374,0.515,FALSE
2007,"NL","SDP","Adrian Gonzalez",20,6,0,"1%",0.546,"CIF",2.5,646,0.347,0.502,FALSE
2007,"NL","STL","Albert Pujols",9,50,0,"11%",0.481,"CIF",8.7,565,0.429,0.568,FALSE
2008,"NL","ARI","Stephen Drew",26,2,0,"0%",0.506,"MIF",3,611,0.333,0.502,FALSE
2008,"NL","ATL","Chipper Jones",12,44,0,"10%",0.444,"CIF",7.3,439,0.47,0.574,FALSE
2008,"NL","CHC","Derrek Lee",21,10,0,"2%",0.602,"CIF",1.9,623,0.361,0.462,FALSE
2008,"NL","CHC","Aramis Ramirez",10,66,0,"15%",0.602,"CIF",3,554,0.38,0.518,FALSE
2008,"NL","CHC","Geovany Soto",13,41,0,"9%",0.602,"C",3.3,494,0.364,0.504,FALSE
2008,"NL","COL","Matt Holliday",18,13,0,"3%",0.457,"OF",5.9,539,0.409,0.538,FALSE
2008,"NL","FLA","Hanley Ramirez",11,55,0,"12%",0.522,"MIF",6.7,589,0.4,0.54,FALSE
2008,"NL","HOU","Lance Berkman",5,126,0,"28%",0.534,"OF",6.9,554,0.42,0.567,FALSE
2008,"NL","LAD","Manny Ramirez",4,138,0,"31%",0.519,"OF",3.5,187,0.489,0.743,FALSE
2008,"NL","MIL","Prince Fielder",20,11,0,"2%",0.556,"CIF",1.5,588,0.372,0.507,FALSE
2008,"NL","MIL","Ryan Braun",3,139,0,"31%",0.556,"OF",4.6,611,0.335,0.553,FALSE
2008,"NL","NYM","Carlos Delgado",9,96,0,"21%",0.549,"CIF",1.3,598,0.353,0.518,FALSE
2008,"NL","NYM","Carlos Beltran",21,10,0,"2%",0.549,"OF",7,606,0.376,0.5,FALSE
2008,"NL","NYM","Jose Reyes",24,3,0,"1%",0.549,"MIF",4.8,688,0.358,0.475,FALSE
2008,"NL","NYM","David Wright",7,115,0,"26%",0.549,"CIF",6.9,626,0.39,0.534,FALSE
2008,"NL","PHI","Ryan Howard",2,308,12,"69%",0.568,"CIF",1.8,610,0.339,0.543,FALSE
2008,"NL","PHI","Chase Utley",14,30,0,"7%",0.568,"MIF",9,607,0.38,0.535,FALSE
2008,"NL","PIT","Nate McLouth",27,1,0,"0%",0.414,"OF",2.4,597,0.356,0.497,FALSE
2008,"NL","SDP","Adrian Gonzalez",18,13,0,"3%",0.389,"CIF",3.5,616,0.361,0.51,FALSE
2008,"NL","STL","Albert Pujols",1,369,18,"82%",0.531,"CIF",9.2,524,0.462,0.653,FALSE
2008,"NL","STL","Ryan Ludwick",16,17,0,"4%",0.531,"OF",5.5,538,0.375,0.591,FALSE
2009,"NL","ARI","Justin Upton",25,2,0,"0%",0.432,"OF",4,526,0.366,0.532,FALSE
2009,"NL","ARI","Mark Reynolds",20,6,0,"1%",0.432,"CIF",3.3,578,0.349,0.543,FALSE
2009,"NL","ATL","Yunel Escobar",20,6,0,"1%",0.531,"MIF",4.3,528,0.377,0.436,FALSE
2009,"NL","CHC","Derrek Lee",9,66,0,"15%",0.516,"CIF",5.4,532,0.393,0.579,FALSE
2009,"NL","CIN","Joey Votto",22,4,0,"1%",0.481,"CIF",4.8,469,0.414,0.567,FALSE
2009,"NL","COL","Brad Hawpe",28,1,0,"0%",0.568,"OF",1.4,501,0.384,0.519,FALSE
2009,"NL","COL","Troy Tulowitzki",5,172,0,"38%",0.568,"MIF",6.5,543,0.377,0.552,FALSE
2009,"NL","COL","Todd Helton",13,28,0,"6%",0.568,"CIF",3.3,544,0.416,0.489,FALSE
2009,"NL","FLA","Hanley Ramirez",2,233,0,"52%",0.537,"MIF",7.3,576,0.41,0.543,FALSE
2009,"NL","FLA","Chris Coghlan",28,1,0,"0%",0.537,"OF",1.1,504,0.39,0.46,FALSE
2009,"NL","HOU","Miguel Tejada",23,3,0,"1%",0.457,"MIF",1.9,635,0.34,0.455,FALSE
2009,"NL","LAD","Andre Ethier",6,113,0,"25%",0.586,"OF",3,596,0.361,0.508,FALSE
2009,"NL","LAD","Matt Kemp",10,49,0,"11%",0.586,"OF",4.9,606,0.352,0.49,FALSE
2009,"NL","MIL","Prince Fielder",4,203,0,"45%",0.494,"CIF",6.3,591,0.412,0.602,FALSE
2009,"NL","MIL","Ryan Braun",11,43,0,"10%",0.494,"OF",6.2,635,0.386,0.551,FALSE
2009,"NL","PHI","Chase Utley",8,84,0,"19%",0.574,"MIF",8.2,571,0.397,0.508,FALSE
2009,"NL","PHI","Ryan Howard",3,217,0,"48%",0.574,"CIF",3.8,616,0.36,0.571,FALSE
2009,"NL","PHI","Shane Victorino",18,8,0,"2%",0.574,"OF",3.7,620,0.358,0.445,FALSE
2009,"NL","PHI","Jayson Werth",17,10,0,"2%",0.574,"OF",4.5,571,0.373,0.506,FALSE
2009,"NL","SDP","Adrian Gonzalez",12,30,0,"7%",0.463,"CIF",6.9,552,0.407,0.551,FALSE
2009,"NL","SFG","Pablo Sandoval",7,89,0,"20%",0.543,"CIF",4.3,572,0.387,0.556,FALSE
2009,"NL","STL","Albert Pujols",1,448,32,"100%",0.562,"CIF",9.7,568,0.443,0.658,FALSE
2009,"NL","STL","Yadier Molina",23,3,0,"1%",0.562,"C",3.2,481,0.366,0.383,FALSE
2009,"NL","STL","Matt Holliday",16,15,0,"3%",0.562,"OF",2.3,235,0.419,0.604,FALSE
2009,"NL","WSN","Ryan Zimmerman",25,2,0,"0%",0.364,"CIF",7.3,610,0.364,0.525,FALSE
2010,"NL","ATL","Jason Heyward",20,11,0,"2%",0.562,"OF",6.4,520,0.393,0.456,FALSE
2010,"NL","ATL","Brian McCann",21,9,0,"2%",0.562,"C",3.6,479,0.375,0.453,FALSE
2010,"NL","ATL","Martin Prado",9,51,0,"11%",0.562,"CIF",5,599,0.35,0.459,FALSE
2010,"NL","CIN","Scott Rolen",14,26,0,"6%",0.562,"CIF",4.1,471,0.358,0.497,FALSE
2010,"NL","CIN","Joey Votto",1,443,31,"99%",0.562,"CIF",7,547,0.424,0.6,FALSE
2010,"NL","COL","Troy Tulowitzki",5,132,0,"29%",0.512,"MIF",6.7,470,0.381,0.568,FALSE
2010,"NL","COL","Carlos Gonzalez",3,240,0,"54%",0.512,"OF",5.9,587,0.376,0.598,FALSE
2010,"NL","FLA","Dan Uggla",17,12,0,"3%",0.494,"MIF",4.3,589,0.369,0.508,FALSE
2010,"NL","MIL","Ryan Braun",15,19,0,"4%",0.475,"OF",5.7,619,0.365,0.501,FALSE
2010,"NL","MIL","Corey Hart",25,2,0,"0%",0.475,"OF",3.9,558,0.34,0.525,FALSE
2010,"NL","NYM","David Wright",24,3,0,"1%",0.488,"CIF",2.8,587,0.354,0.503,FALSE
2010,"NL","PHI","Ryan Howard",10,50,0,"11%",0.599,"CIF",1.2,550,0.353,0.505,FALSE
2010,"NL","PHI","Jayson Werth",8,52,0,"12%",0.599,"OF",4.5,554,0.388,0.532,FALSE
2010,"NL","PHI","Carlos Ruiz",17,12,0,"3%",0.599,"C",4,371,0.4,0.447,FALSE
2010,"NL","SDP","Adrian Gonzalez",4,197,0,"44%",0.556,"CIF",4.4,591,0.393,0.511,FALSE
2010,"NL","SFG","Buster Posey",11,40,0,"9%",0.568,"C",3.9,406,0.357,0.505,FALSE
2010,"NL","SFG","Aubrey Huff",7,70,0,"16%",0.568,"CIF",5.7,569,0.385,0.506,FALSE
2010,"NL","STL","Albert Pujols",2,279,1,"62%",0.531,"CIF",7.5,587,0.414,0.596,FALSE
2010,"NL","STL","Matt Holliday",12,32,0,"7%",0.531,"OF",5.9,596,0.39,0.532,FALSE
2010,"NL","WSN","Ryan Zimmerman",16,18,0,"4%",0.426,"CIF",6.2,525,0.388,0.51,FALSE
2010,"NL","WSN","Adam Dunn",21,9,0,"2%",0.426,"OF",2.5,558,0.356,0.536,FALSE
2011,"NL","ARI","Miguel Montero",21,2,0,"0%",0.58,"C",4.4,493,0.351,0.469,FALSE
2011,"NL","ARI","Justin Upton",4,214,1,"48%",0.58,"OF",5.5,592,0.369,0.529,FALSE
2011,"NL","CHC","Starlin Castro",23,1,0,"0%",0.438,"MIF",3.2,674,0.341,0.432,FALSE
2011,"NL","CIN","Joey Votto",6,135,0,"30%",0.488,"CIF",6.6,599,0.416,0.531,FALSE
2011,"NL","COL","Troy Tulowitzki",8,69,0,"15%",0.451,"MIF",6.2,537,0.372,0.544,FALSE
2011,"NL","FLA","Giancarlo Stanton",23,1,0,"0%",0.444,"OF",4.1,516,0.356,0.537,FALSE
2011,"NL","LAD","Matt Kemp",2,332,10,"74%",0.509,"OF",8,602,0.399,0.586,FALSE
2011,"NL","MIL","Ryan Braun",1,388,20,"87%",0.593,"OF",7.7,563,0.397,0.597,FALSE
2011,"NL","MIL","Prince Fielder",3,229,1,"51%",0.593,"CIF",4.5,569,0.415,0.566,FALSE
2011,"NL","NYM","Jose Reyes",11,31,0,"7%",0.475,"MIF",4.6,537,0.384,0.493,FALSE
2011,"NL","PHI","Shane Victorino",13,18,0,"4%",0.63,"OF",5.5,519,0.355,0.491,FALSE
2011,"NL","PHI","Ryan Howard",10,39,0,"9%",0.63,"CIF",1.2,557,0.346,0.488,FALSE
2011,"NL","PHI","Carlos Ruiz",23,1,0,"0%",0.63,"C",2.9,410,0.371,0.383,FALSE
2011,"NL","SFG","Pablo Sandoval",17,7,0,"2%",0.531,"CIF",6,426,0.357,0.552,FALSE
2011,"NL","STL","Albert Pujols",5,166,0,"37%",0.556,"CIF",5.3,579,0.366,0.541,FALSE
2011,"NL","STL","Yadier Molina",21,2,0,"0%",0.556,"C",2.9,475,0.349,0.465,FALSE
2011,"NL","STL","Lance Berkman",7,118,0,"26%",0.556,"OF",3.8,488,0.412,0.547,FALSE
2011,"NL","NYM/SFG","Carlos Beltran",20,3,0,"1%",0.503,"OF",4.5,520,0.385,0.525,FALSE
2011,"NL","HOU/PHI","Hunter Pence",16,10,0,"2%",0.488,"OF",5.7,606,0.37,0.502,FALSE
2011,"NL","WSN","Mike Morse",19,5,0,"1%",0.497,"OF",3.4,522,0.36,0.55,FALSE
2012,"NL","ARI","Miguel Montero",32,1,0,"0%",0.5,"C",4.5,486,0.391,0.438,FALSE
2012,"NL","ARI","Aaron Hill",26,6,0,"1%",0.5,"MIF",5.1,609,0.36,0.522,FALSE
2012,"NL","ATL","Chipper Jones",32,1,0,"0%",0.58,"CIF",2.8,387,0.377,0.455,FALSE
2012,"NL","ATL","Martin Prado",20,8,0,"2%",0.58,"CIF",5.4,617,0.359,0.438,FALSE
2012,"NL","ATL","Jason Heyward",28,4,0,"1%",0.58,"OF",5.5,587,0.335,0.479,FALSE
2012,"NL","ATL","Michael Bourn",18,12,0,"3%",0.58,"OF",6,624,0.348,0.391,FALSE
2012,"NL","CHC","Alfonso Soriano",20,8,0,"2%",0.377,"OF",1.9,561,0.322,0.499,FALSE
2012,"NL","CIN","Joey Votto",14,16,0,"4%",0.599,"CIF",5.9,374,0.474,0.567,FALSE
2012,"NL","CIN","Brandon Phillips",13,18,0,"4%",0.599,"MIF",4,580,0.321,0.429,FALSE
2012,"NL","CIN","Jay Bruce",10,46,0,"10%",0.599,"OF",2.2,560,0.327,0.514,FALSE
2012,"NL","MIA","Giancarlo Stanton",24,7,0,"2%",0.426,"OF",5.4,449,0.361,0.608,FALSE
2012,"NL","MIL","Aramis Ramirez",9,47,0,"10%",0.512,"CIF",5.6,570,0.36,0.54,FALSE
2012,"NL","MIL","Ryan Braun",2,285,3,"64%",0.512,"OF",6.9,598,0.391,0.595,FALSE
2012,"NL","NYM","David Wright",6,86,0,"19%",0.457,"CIF",7.1,581,0.391,0.492,FALSE
2012,"NL","PHI","Carlos Ruiz",28,4,0,"1%",0.5,"C",4.6,372,0.394,0.54,FALSE
2012,"NL","PIT","Andrew McCutchen",3,245,0,"55%",0.488,"OF",6.9,593,0.4,0.553,FALSE
2012,"NL","SDP","Chase Headley",5,127,0,"28%",0.469,"CIF",6.4,604,0.376,0.498,FALSE
2012,"NL","SFG","Angel Pagan",32,1,0,"0%",0.58,"OF",4.2,605,0.338,0.44,FALSE
2012,"NL","SFG","Buster Posey",1,422,27,"94%",0.58,"C",7.6,530,0.408,0.549,FALSE
2012,"NL","STL","Yadier Molina",4,241,2,"54%",0.543,"C",7.2,505,0.373,0.501,FALSE
2012,"NL","STL","Allen Craig",19,10,0,"2%",0.543,"OF",2.4,469,0.354,0.522,FALSE
2012,"NL","STL","Matt Holliday",11,34,0,"8%",0.543,"OF",4,599,0.379,0.497,FALSE
2012,"NL","STL","Carlos Beltran",26,6,0,"1%",0.543,"OF",3.9,547,0.346,0.495,FALSE
2012,"NL","PHI/SFG","Hunter Pence",32,1,0,"0%",0.54,"OF",1.3,617,0.319,0.425,FALSE
2012,"NL","WSN","Ryan Zimmerman",24,7,0,"2%",0.605,"CIF",3.9,578,0.346,0.478,FALSE
2012,"NL","WSN","Ian Desmond",16,15,0,"3%",0.605,"MIF",3.4,513,0.335,0.511,FALSE
2012,"NL","WSN","Adam LaRoche",6,86,0,"19%",0.605,"CIF",4.2,571,0.343,0.51,FALSE
2012,"NL","WSN","Bryce Harper",30,2,0,"0%",0.605,"OF",5.2,533,0.34,0.477,FALSE
2013,"NL","ARI","Paul Goldschmidt",2,242,0,"58%",0.5,"CIF",6.3,602,0.401,0.551,FALSE
2013,"NL","ATL","Freddie Freeman",5,154,0,"37%",0.593,"CIF",5.3,551,0.396,0.501,FALSE
2013,"NL","ATL","Andrelton Simmons",14,14,0,"3%",0.593,"MIF",5.8,606,0.296,0.396,FALSE
2013,"NL","CIN","Shin-Soo Choo",12,23,0,"5%",0.556,"OF",4.6,569,0.423,0.462,FALSE
2013,"NL","CIN","Jay Bruce",10,30,0,"7%",0.556,"OF",5.2,626,0.329,0.478,FALSE
2013,"NL","CIN","Joey Votto",6,149,0,"35%",0.556,"CIF",6.6,581,0.435,0.491,FALSE
2013,"NL","COL","Troy Tulowitzki",17,5,0,"1%",0.457,"MIF",5,446,0.391,0.54,FALSE
2013,"NL","COL","Michael Cuddyer",20,3,0,"1%",0.457,"OF",2.1,489,0.389,0.53,FALSE
2013,"NL","LAD","Hanley Ramirez",8,58,0,"14%",0.568,"MIF",5.2,304,0.402,0.638,FALSE
2013,"NL","LAD","Yasiel Puig",15,10,0,"2%",0.568,"OF",4.7,382,0.391,0.534,FALSE
2013,"NL","LAD","Adrian Gonzalez",18,4,0,"1%",0.568,"CIF",3.8,583,0.342,0.461,FALSE
2013,"NL","MIL","Carlos Gomez",9,43,0,"10%",0.457,"OF",7.6,536,0.338,0.506,FALSE
2013,"NL","PIT","Russell Martin",24,1,0,"0%",0.58,"C",4.1,438,0.327,0.377,FALSE
2013,"NL","PIT","Andrew McCutchen",1,409,28,"97%",0.58,"OF",7.8,583,0.404,0.508,FALSE
2013,"NL","SFG","Buster Posey",20,3,0,"1%",0.469,"C",5.3,520,0.371,0.45,FALSE
2013,"NL","SFG","Hunter Pence",16,7,0,"2%",0.469,"OF",3.8,629,0.339,0.483,FALSE
2013,"NL","STL","Matt Carpenter",4,194,0,"46%",0.599,"CIF",6.6,626,0.392,0.481,FALSE
2013,"NL","STL","Allen Craig",18,4,0,"1%",0.599,"OF",2.7,508,0.373,0.457,FALSE
2013,"NL","STL","Yadier Molina",3,219,2,"52%",0.599,"C",6.2,505,0.359,0.477,FALSE
2013,"NL","STL","Matt Holliday",23,2,0,"0%",0.599,"OF",2.6,520,0.389,0.49,FALSE
2013,"NL","WSN","Jayson Werth",13,20,0,"5%",0.531,"OF",4.6,462,0.398,0.532,FALSE
2014,"NL","ATL","Freddie Freeman",23,2,0,"0%",0.488,"CIF",3,607,0.386,0.461,FALSE
2014,"NL","ATL","Justin Upton",17,10,0,"2%",0.488,"OF",3.1,566,0.342,0.491,FALSE
2014,"NL","CHC","Anthony Rizzo",10,37,0,"9%",0.451,"CIF",5.6,524,0.386,0.527,FALSE
2014,"NL","CIN","Devin Mesoraco",21,5,0,"1%",0.469,"C",4.9,384,0.359,0.534,FALSE
2014,"NL","COL","Justin Morneau",23,2,0,"0%",0.407,"CIF",3.4,502,0.364,0.496,FALSE
2014,"NL","COL","Troy Tulowitzki",25,1,0,"0%",0.407,"MIF",5.7,315,0.432,0.603,FALSE
2014,"NL","LAD","Yasiel Puig",19,8,0,"2%",0.58,"OF",4.9,558,0.382,0.48,FALSE
2014,"NL","LAD","Dee Strange-Gordon",25,1,0,"0%",0.58,"MIF",3.5,609,0.326,0.378,FALSE
2014,"NL","LAD","Adrian Gonzalez",7,57,0,"14%",0.58,"CIF",4.4,591,0.335,0.482,FALSE
2014,"NL","MIA","Giancarlo Stanton",2,298,8,"71%",0.475,"OF",6.5,539,0.395,0.555,FALSE
2014,"NL","MIL","Carlos Gomez",16,13,0,"3%",0.506,"OF",4.7,574,0.356,0.477,FALSE
2014,"NL","MIL","Jonathan Lucroy",4,167,0,"40%",0.506,"C",6.4,585,0.373,0.465,FALSE
2014,"NL","NYM","Lucas Duda",22,3,0,"1%",0.488,"CIF",3.8,514,0.349,0.481,FALSE
2014,"NL","PIT","Andrew McCutchen",3,271,4,"65%",0.543,"OF",6.4,548,0.41,0.542,FALSE
2014,"NL","PIT","Josh Harrison",9,52,0,"12%",0.543,"MIF",5.6,520,0.347,0.49,FALSE
2014,"NL","PIT","Russell Martin",13,21,0,"5%",0.543,"C",5.7,379,0.402,0.43,FALSE
2014,"NL","SFG","Hunter Pence",11,34,0,"8%",0.543,"OF",4,650,0.332,0.445,FALSE
2014,"NL","SFG","Buster Posey",6,152,0,"36%",0.543,"C",5.1,547,0.364,0.49,FALSE
2014,"NL","STL","Matt Holliday",14,17,0,"4%",0.556,"OF",3.3,574,0.37,0.441,FALSE
2014,"NL","STL","Jhonny Peralta",14,17,0,"4%",0.556,"MIF",5.8,560,0.336,0.443,FALSE
2014,"NL","WSN","Jayson Werth",18,9,0,"2%",0.593,"OF",4.2,534,0.394,0.455,FALSE
2014,"NL","WSN","Denard Span",19,8,0,"2%",0.593,"OF",4.3,610,0.355,0.416,FALSE
2014,"NL","WSN","Anthony Rendon",5,155,0,"37%",0.593,"CIF",6.5,613,0.351,0.473,FALSE
2015,"NL","ARI","Paul Goldschmidt",2,234,0,"56%",0.488,"CIF",8.3,567,0.435,0.57,FALSE
2015,"NL","ARI","AJ Pollock",14,21,0,"5%",0.488,"OF",6.9,609,0.367,0.498,FALSE
2015,"NL","CHC","Kris Bryant",11,34,0,"8%",0.599,"CIF",5.3,559,0.369,0.488,FALSE
2015,"NL","CHC","Anthony Rizzo",4,162,0,"39%",0.599,"CIF",6.4,586,0.387,0.512,FALSE
2015,"NL","CIN","Joey Votto",3,175,0,"42%",0.395,"CIF",7.8,545,0.459,0.541,FALSE
2015,"NL","COL","Nolan Arenado",8,102,0,"24%",0.42,"CIF",6.3,616,0.323,0.575,FALSE
2015,"NL","LAD","Adrian Gonzalez",19,3,0,"1%",0.568,"CIF",4.6,571,0.35,0.48,FALSE
2015,"NL","MIA","Dee Strange-Gordon",16,6,0,"1%",0.438,"MIF",4.3,615,0.359,0.418,FALSE
2015,"NL","NYM","Curtis Granderson",18,4,0,"1%",0.556,"OF",5.1,580,0.364,0.457,FALSE
2015,"NL","NYM","Yoenis Céspedes",13,24,0,"6%",0.556,"OF",2.1,230,0.337,0.604,FALSE
2015,"NL","PIT","Andrew McCutchen",5,139,0,"33%",0.605,"OF",5,566,0.401,0.488,FALSE
2015,"NL","SFG","Buster Posey",9,84,0,"20%",0.519,"C",5.9,557,0.379,0.47,FALSE
2015,"NL","STL","Matt Carpenter",12,26,0,"6%",0.617,"CIF",5,574,0.365,0.505,FALSE
2015,"NL","STL","Jason Heyward",15,15,0,"4%",0.617,"OF",6.9,547,0.359,0.439,FALSE
2015,"NL","WSN","Bryce Harper",1,420,30,"100%",0.512,"OF",9.7,521,0.46,0.649,FALSE
2016,"NL","ARI","Paul Goldschmidt",11,18,0,"4%",0.426,"CIF",5,579,0.411,0.489,FALSE
2016,"NL","ARI","Jean Segura",13,14,0,"3%",0.426,"MIF",6.4,637,0.368,0.499,FALSE
2016,"NL","ATL","Freddie Freeman",6,129,0,"31%",0.422,"CIF",6.3,589,0.4,0.569,FALSE
2016,"NL","CHC","Kris Bryant",1,415,29,"99%",0.64,"CIF",7.3,603,0.385,0.554,FALSE
2016,"NL","CHC","Addison Russell",19,5,0,"1%",0.64,"MIF",3.7,525,0.321,0.417,FALSE
2016,"NL","CHC","Anthony Rizzo",4,202,0,"48%",0.64,"CIF",5.8,583,0.385,0.544,FALSE
2016,"NL","CIN","Joey Votto",7,100,0,"24%",0.42,"CIF",4.2,556,0.434,0.55,FALSE
2016,"NL","COL","Charlie Blackmon",26,1,0,"0%",0.463,"OF",4.6,578,0.381,0.552,FALSE
2016,"NL","COL","DJ LeMahieu",15,8,0,"2%",0.463,"MIF",5.3,552,0.416,0.495,FALSE
2016,"NL","COL","Nolan Arenado",5,199,0,"47%",0.463,"CIF",5.9,618,0.362,0.57,FALSE
2016,"NL","LAD","Justin Turner",9,44,0,"10%",0.562,"CIF",5,556,0.339,0.493,FALSE
2016,"NL","LAD","Corey Seager",3,240,0,"57%",0.562,"MIF",5.2,627,0.365,0.512,FALSE
2016,"NL","LAD","Yasmani Grandal",22,4,0,"1%",0.562,"C",3,390,0.339,0.477,FALSE
2016,"NL","MIA","Christian Yelich",19,5,0,"1%",0.491,"OF",4.9,578,0.376,0.483,FALSE
2016,"NL","MIL","Ryan Braun",23,2,0,"0%",0.451,"OF",4.3,511,0.365,0.538,FALSE
2016,"NL","NYM","Yoenis Céspedes",8,45,0,"11%",0.537,"OF",3,479,0.354,0.53,FALSE
2016,"NL","SFG","Brandon Crawford",12,15,0,"4%",0.537,"MIF",5.5,553,0.342,0.43,FALSE
2016,"NL","SFG","Buster Posey",14,11,0,"3%",0.537,"C",4.9,539,0.362,0.434,FALSE
2016,"NL","STL","Yadier Molina",23,2,0,"0%",0.531,"C",3,534,0.36,0.427,FALSE
2016,"NL","WSN","Wilson Ramos",17,6,0,"1%",0.586,"C",3,482,0.354,0.496,FALSE
2016,"NL","WSN","Daniel Murphy",2,245,1,"58%",0.586,"MIF",4.5,531,0.39,0.595,FALSE
2017,"NL","ARI","J.D. Martinez",14,11,0,"3%",0.574,"OF",2.4,232,0.366,0.741,FALSE
2017,"NL","ARI","Paul Goldschmidt",3,239,4,"57%",0.574,"CIF",6.3,558,0.404,0.563,FALSE
2017,"NL","CHC","Anthony Rizzo",13,17,0,"4%",0.568,"CIF",4.5,572,0.392,0.507,FALSE
2017,"NL","CHC","Kris Bryant",7,132,1,"31%",0.568,"CIF",5.7,549,0.409,0.537,FALSE
2017,"NL","CIN","Joey Votto",2,300,10,"71%",0.42,"CIF",8.1,559,0.454,0.578,FALSE
2017,"NL","COL","Charlie Blackmon",5,205,3,"49%",0.537,"OF",5.5,644,0.399,0.601,FALSE
2017,"NL","COL","Nolan Arenado",4,229,2,"55%",0.537,"CIF",6.7,606,0.373,0.586,FALSE
2017,"NL","LAD","Corey Seager",17,6,0,"1%",0.642,"MIF",5.3,539,0.375,0.479,FALSE
2017,"NL","LAD","Cody Bellinger",9,38,0,"9%",0.642,"OF",3.9,480,0.352,0.581,FALSE
2017,"NL","LAD","Justin Turner",8,43,0,"10%",0.642,"CIF",5.6,457,0.415,0.53,FALSE
2017,"NL","MIA","Giancarlo Stanton",1,302,10,"72%",0.475,"OF",7.9,597,0.376,0.631,FALSE
2017,"NL","MIA","Marcell Ozuna",15,8,0,"2%",0.475,"OF",5.6,613,0.376,0.548,FALSE
2017,"NL","STL","Tommy Pham",11,24,0,"6%",0.512,"OF",6.2,444,0.411,0.52,FALSE
2017,"NL","WSN","Anthony Rendon",6,141,0,"34%",0.599,"CIF",6.1,508,0.403,0.533,FALSE
2017,"NL","WSN","Ryan Zimmerman",20,1,0,"0%",0.599,"CIF",2.6,524,0.358,0.573,FALSE
2017,"NL","WSN","Daniel Murphy",19,3,0,"1%",0.599,"MIF",3.3,534,0.384,0.543,FALSE
2017,"NL","WSN","Bryce Harper",12,21,0,"5%",0.599,"OF",4.8,420,0.413,0.595,FALSE
2018,"NL","ARI","Paul Goldschmidt",6,115,0,"27%",0.506,"CIF",5.5,593,0.389,0.533,FALSE
2018,"NL","ATL","Nick Markakis",18,2,0,"0%",0.556,"OF",2.6,623,0.366,0.44,FALSE
2018,"NL","ATL","Freddie Freeman",4,174,0,"41%",0.556,"CIF",5.5,618,0.388,0.505,FALSE
2018,"NL","ATL","Ronald Acuna Jr.",12,19,0,"5%",0.556,"OF",3.9,433,0.366,0.552,FALSE
2018,"NL","CHC","Javier Baez",2,250,0,"60%",0.583,"MIF",6.4,606,0.326,0.554,FALSE
2018,"NL","CHC","Anthony Rizzo",17,6,0,"1%",0.583,"CIF",3.1,566,0.376,0.47,FALSE
2018,"NL","CIN","Eugenio Suarez",18,2,0,"0%",0.414,"CIF",4,527,0.366,0.526,FALSE
2018,"NL","COL","Nolan Arenado",3,203,0,"48%",0.558,"CIF",6.4,590,0.374,0.561,FALSE
2018,"NL","COL","Trevor Story",8,108,0,"26%",0.558,"MIF",6.2,598,0.348,0.567,FALSE
2018,"NL","LAD","Max Muncy",15,8,0,"2%",0.564,"CIF",4.3,395,0.391,0.582,FALSE
2018,"NL","LAD","Justin Turner",14,10,0,"2%",0.564,"CIF",4.7,365,0.406,0.518,FALSE
2018,"NL","MIL","Christian Yelich",1,415,29,"99%",0.589,"OF",7.3,574,0.402,0.598,FALSE
2018,"NL","MIL","Lorenzo Cain",7,109,0,"26%",0.589,"OF",6.9,539,0.395,0.417,FALSE
2018,"NL","MIL","Jesus Aguilar",16,7,0,"2%",0.589,"CIF",3.4,492,0.352,0.539,FALSE
2018,"NL","STL","Matt Carpenter",9,105,0,"25%",0.543,"CIF",4.4,564,0.374,0.523,FALSE
2018,"NL","WSN","Anthony Rendon",11,21,0,"5%",0.506,"CIF",5.1,529,0.374,0.535,FALSE
2019,"NL","ARI","Ketel Marte",4,198,0,"47%",0.525,"MIF",6.9,569,0.389,0.592,FALSE
2019,"NL","ATL","Freddie Freeman",8,90,0,"21%",0.599,"CIF",3.7,597,0.389,0.549,FALSE
2019,"NL","ATL","Ronald Acuna Jr.",5,155,0,"37%",0.599,"OF",5.1,626,0.365,0.518,FALSE
2019,"NL","ATL","Josh Donaldson",11,27,0,"6%",0.599,"CIF",5.4,549,0.379,0.521,FALSE
2019,"NL","CIN","Eugenio Suarez",15,4,0,"1%",0.463,"CIF",3.4,575,0.358,0.572,FALSE
2019,"NL","COL","Trevor Story",12,26,0,"6%",0.438,"MIF",7,588,0.363,0.554,FALSE
2019,"NL","COL","Nolan Arenado",6,120,0,"29%",0.438,"CIF",7.3,588,0.379,0.583,FALSE
2019,"NL","LAD","Cody Bellinger",1,362,19,"86%",0.654,"OF",8.6,558,0.406,0.629,FALSE
2019,"NL","LAD","Max Muncy",15,4,0,"1%",0.654,"CIF",5.3,487,0.374,0.515,FALSE
2019,"NL","MIL","Christian Yelich",2,317,10,"75%",0.549,"OF",7,489,0.429,0.671,FALSE
2019,"NL","MIL","Yasmani Grandal",15,4,0,"1%",0.549,"C",2.4,513,0.38,0.468,FALSE
2019,"NL","NYM","Pete Alonso",7,102,0,"24%",0.531,"CIF",5.5,597,0.358,0.583,FALSE
2019,"NL","PHI","J.T. Realmuto",14,8,0,"2%",0.5,"C",4.5,538,0.328,0.493,FALSE
2019,"NL","SFG","Kevin Pillar",22,1,0,"0%",0.475,"OF",0.8,595,0.293,0.442,FALSE
2019,"NL","STL","Kolten Wong",20,2,0,"0%",0.562,"MIF",5.1,478,0.361,0.423,FALSE
2019,"NL","STL","Paul Goldschmidt",20,2,0,"0%",0.562,"CIF",2.6,597,0.346,0.476,FALSE
2019,"NL","WSN","Juan Soto",9,45,0,"11%",0.574,"OF",5,542,0.401,0.548,FALSE
2019,"NL","WSN","Anthony Rendon",3,242,1,"58%",0.574,"CIF",7.1,545,0.412,0.598,FALSE
2020,"NL","ATL","Dansby Swanson",18,1,0,"0%",0.583,"MIF",2.8,237,0.345,0.464,TRUE
2020,"NL","ATL","Ronald Acuna Jr.",12,21,0,"5%",0.583,"OF",2.3,160,0.406,0.581,TRUE
2020,"NL","ATL","Marcell Ozuna",6,167,0,"40%",0.583,"OF",2.6,228,0.431,0.636,TRUE
2020,"NL","ATL","Freddie Freeman",1,410,28,"98%",0.583,"CIF",3.3,214,0.462,0.64,TRUE
2020,"NL","CHC","Ian Happ",18,1,0,"0%",0.567,"OF",1.4,198,0.361,0.505,TRUE
2020,"NL","COL","Trevor Story",11,23,0,"5%",0.433,"MIF",2.6,235,0.355,0.519,TRUE
2020,"NL","LAD","Corey Seager",9,43,0,"10%",0.717,"MIF",2.1,212,0.358,0.585,TRUE
2020,"NL","LAD","Mookie Betts",2,268,2,"64%",0.717,"OF",3.6,219,0.366,0.562,TRUE
2020,"NL","NYM","Dominic Smith",13,16,0,"4%",0.433,"OF",2,177,0.377,0.616,TRUE
2020,"NL","SDP","Manny Machado",3,221,0,"53%",0.617,"CIF",3.2,224,0.37,0.58,TRUE
2020,"NL","SDP","Fernando Tatis Jr.",4,201,0,"48%",0.617,"MIF",2.8,224,0.366,0.571,TRUE
2020,"NL","SDP","Wil Myers",16,2,0,"0%",0.617,"OF",1.8,198,0.353,0.606,TRUE
2020,"NL","SFG","Mike Yastrzemski",8,81,0,"19%",0.483,"OF",2.7,192,0.4,0.568,TRUE
2020,"NL","SFG","Brandon Belt",16,2,0,"0%",0.483,"CIF",2,149,0.425,0.591,TRUE
2020,"NL","STL","Paul Goldschmidt",15,9,0,"2%",0.517,"CIF",2.1,191,0.417,0.466,TRUE
2020,"NL","WSN","Trea Turner",7,83,0,"20%",0.433,"MIF",2.8,233,0.394,0.588,TRUE
2020,"NL","WSN","Juan Soto",5,172,0,"41%",0.433,"OF",2.4,154,0.49,0.695,TRUE
2021,"NL","ATL","Austin Riley",7,111,0,"26%",0.547,"CIF",6.1,590,0.367,0.531,FALSE
2021,"NL","ATL","Ozzie Albies",13,12,0,"3%",0.547,"MIF",3.4,629,0.31,0.488,FALSE
2021,"NL","ATL","Freddie Freeman",9,43,0,"10%",0.547,"CIF",4.7,600,0.393,0.503,FALSE
2021,"NL","CIN","Nick Castellanos",12,24,0,"6%",0.512,"CIF",3.2,531,0.362,0.576,FALSE
2021,"NL","CIN","Joey Votto",16,8,0,"2%",0.512,"CIF",3.5,448,0.375,0.563,FALSE
2021,"NL","LAD","Max Muncy",10,38,0,"9%",0.654,"CIF",4.9,497,0.368,0.527,FALSE
2021,"NL","MIL","Willy Adames",16,8,0,"2%",0.586,"MIF",3.5,365,0.366,0.521,FALSE
2021,"NL","PHI","Bryce Harper",1,348,17,"83%",0.506,"OF",5.9,488,0.429,0.615,FALSE
2021,"NL","PIT","Bryan Reynolds",11,33,0,"8%",0.377,"OF",6,559,0.39,0.522,FALSE
2021,"NL","SDP","Fernando Tatis Jr.",3,244,2,"58%",0.488,"MIF",6.6,478,0.364,0.611,FALSE
2021,"NL","SDP","Manny Machado",18,7,0,"2%",0.488,"CIF",5,564,0.347,0.489,FALSE
2021,"NL","SFG","Brandon Crawford",4,213,4,"51%",0.66,"MIF",6.1,483,0.373,0.522,FALSE
2021,"NL","SFG","Buster Posey",21,1,0,"0%",0.66,"C",3.5,395,0.39,0.499,FALSE
2021,"NL","SFG","LaMonte Wade Jr.",21,1,0,"0%",0.66,"OF",1.2,336,0.326,0.482,FALSE
2021,"NL","STL","Paul Goldschmidt",6,128,0,"30%",0.556,"CIF",6.1,603,0.365,0.514,FALSE
2021,"NL","STL","Tyler O'Neill",8,62,0,"15%",0.556,"OF",6.3,482,0.352,0.56,FALSE
2021,"NL","WSN/LAD","Trea Turner",5,185,1,"44%",0.5275,"MIF",6.5,595,0.375,0.536,FALSE
2021,"NL","WSN","Juan Soto",2,274,6,"65%",0.401,"OF",7.1,502,0.465,0.534,FALSE
